﻿<parameters>
  <parameter name="IIS Web Application Name" defaultValue="Default Web Site/Billing_deploy" tags="IisApp">
    <parameterEntry kind="ProviderPath" scope="IisApp" match="^I:\\Billing\\Billing\\obj\\Debug\\Package\\PackageTmp$" />
    <parameterEntry kind="ProviderPath" scope="setAcl" match="^I:\\Billing\\Billing\\obj\\Debug\\Package\\PackageTmp$" />
  </parameter>
  <parameter name="Accounts-Web.config Connection String" description="Accounts Connection String used in web.config by the application to access the database." defaultValue="Server=SYSTEM1;Database=Billing;uid=sa;password=12345;" tags="SqlConnectionString">
    <parameterEntry kind="XmlFile" scope="obj\\Debug\\Package\\PackageTmp\\Web\.config$" match="/configuration/connectionStrings/add[@name='Accounts']/@connectionString" />
  </parameter>
  <parameter name="ApplicationServices-Web.config Connection String" description="ApplicationServices Connection String used in web.config by the application to access the database." defaultValue="data source=.\SQLEXPRESS;Integrated Security=SSPI;AttachDBFilename=|DataDirectory|\aspnetdb.mdf;User Instance=true" tags="SqlConnectionString">
    <parameterEntry kind="XmlFile" scope="obj\\Debug\\Package\\PackageTmp\\Web\.config$" match="/configuration/connectionStrings/add[@name='ApplicationServices']/@connectionString" />
  </parameter>
</parameters>